id,title,buyer,value,cpvs,stage,published_date,date_modified,contract_start,contract_end,description,source,source_url,batch_id
rls-1-APR553835,Supply and Installation of UPVC Windows & Doors,East Ayrshire Council,,"44221000, 44221220, 45421100",planning,2026-04-14T00:00:00Z,,,,"Supply and installation of windows and doors, including fire doors within council owned domestic properties.",Public Contracts Scotland,https://www.publiccontractsscotland.gov.uk,batch_20260414_194917
rls-2-APR553817,PIN - Easter Langlee Solar PV Feasibility Study,Scottish Borders Council,,"71311300, 71311000, 71313000, 71314300, 71351200",planning,2026-04-14T00:00:00Z,,,,Scottish Borders Council are seeking to engage with the market in relation to a proposed feasibility study for installation of solar PV at a former landfill.,Public Contracts Scotland,https://www.publiccontractsscotland.gov.uk,batch_20260414_194917
rls-3-APR553754,"New Town Quarter, Edinburgh",The Wheatley Housing Group Limited,30000000.0,"45000000, 45211360",planning,2026-04-13T00:00:00Z,,,,"The New Town Quarter development, located on Dundas Street, on the northern edge of Edinburghâs New Town World Heritage Site. This brief is to deliver the affordable housing component (consisting of 108 Mid-Market Rent (MMR) homes delivered across a single block) of the wider mixed-use redevelopment of the former Royal Bank of Scotland headquarters, representing one of the cityâs most significant brownfield regeneration opportunities.",Public Contracts Scotland,https://www.publiccontractsscotland.gov.uk,batch_20260414_194917
rls-4-APR553726,Courier Services,The Common Services Agency (more commonly known as Public Services Delivery Scotland) (PSD Scotland),800000.0,64120000,planning,2026-04-13T00:00:00Z,,,,"PSD requires a contract to be in place for the collection and delivery of documents and parcels throughout Scotland, including the Highlands and Islands.",Public Contracts Scotland,https://www.publiccontractsscotland.gov.uk,batch_20260414_194917
rls-5-APR553682,Water Management Domestic Legionella Risk Assessments,Renfrewshire Council,,90711000,planning,2026-04-13T00:00:00Z,,,,"Renfrewshire Council has the requirement to appoint a Contractor to carry out Legionella Risk Assessment of the full Council estate for Domestic Properties (circa 12,000 + properties). The Contractor will be required to provide Legionella Risk Assessment documentation for all properties in accordance with current legislation.",Public Contracts Scotland,https://www.publiccontractsscotland.gov.uk,batch_20260414_194917
rls-6-APR553549,North Lanarkshire Council (NLC) - Provision of estate-wide 1Gbps capable FTTP Broadband Services to NLC Social Housing,North Lanarkshire Council,40000000.0,"45314000, 32400000, 32524000, 35125100, 64210000, 64200000, 45230000, 45231000, 32562000, 32520000",planning,2026-04-09T00:00:00Z,,,,"North Lanarkshire Council (NLC) is seeking expressions of interest from suitably qualified and experienced providers to participate in a market engagement exercise relating to a forthcoming procurement for the largeâscale installation of full fibre (FTTP) infrastructure across its housing estate.
 This programme forms a core element of the Councilâs Digital North Lanarkshire ambitions, which aim to reduce digital exclusion, enhance independent living, and ensure tenants have improved access to highâquality digital services and greater control over how they interact with council systems.
 This Prior Information Notice (PIN) is issued solely for early market engagement.
 Its purpose is to:
 -Inform the market of the Councilâs intention to procure an endâtoâend FTTP installation partner.
 -Understand supplier capability and capacity.
 -Refine the procurement strategy prior to publication of the formal tender.
 This PIN is not a call for competition.
 The forthcoming procurement will seek to appoint a provider (or providers) capable of managing the full lifecycle delivery of a 1 gigabit-capable full fibre network to approximately 36,000 social housing properties across North Lanarkshire.
 The focus of this procurement is on endâtoâend design, build, installation and commissioning of FTTP infrastructure, including all enabling and assurance activities.
 Further Information is avaliable within the document contained within the ""Additional Documents"" section attached to this Prior Information Notice.",Public Contracts Scotland,https://www.publiccontractsscotland.gov.uk,batch_20260414_194917
rls-7-APR553468,Delivering sustainability and carbon neutral targets through innovative technological solutions.,The Common Services Agency (which from 1st April 2026 is known as 'Public Services Delivery Scotland'),,71314000,planning,2026-04-08T00:00:00Z,,,,"The Common Services Agency (which from 1st April 2026 is known as 'Public Services Delivery Scotland') are acting on behalf of NHS Greater Glasgow & Clyde (GG&C), and NHS Golden Jubilee (NHS GJ) (also known as National Waiting Times Centre (NWTC)), are seeking expressions of interest from parties capable of assisting in the achievement of carbon reduction goal of reducing greenhouse gas emissions from our buildings by at least 75% by 2030 compared to a 1990 baseline; using renewable heating systems by 2038 for all NHS-owned buildings; and for all our estate to have net-zero emissions by 2040 or earlier where possible. This will be accomplished by increasing energy efficiency of our built environment and transitioning away from fossil fuels. Through this process there are opportunities to develop income generation schemes for the Health Boards through fully funded technological solutions.
 This PIN is issued to inform the market of our future intentions and to facilitate the formation of a successful partnerships with suppliers who can provide fully funded solutions with no financial capital expenditure required from the Health Boards.",Public Contracts Scotland,https://www.publiccontractsscotland.gov.uk,batch_20260414_194917
rls-8-APR553414,Scottish Electronic Tax System (SETS),Revenue Scotland,,"72000000, 48100000, 48400000, 72212000",planning,2026-04-08T00:00:00Z,,,,"Revenue Scotland is seeking information from the market in relation to the next version of / replacement for its existing tax administration platform, SETS.
 The current platform supports the collection and operational management of devolved Scottish taxes. It enables taxpayers and their agents to submit tax returns and make payments to Revenue Scotland, and enables staff to process returns, manage taxpayer records through a number of statutory processes, reconcile inbound & outbound payments with tax declared, and undertake tax compliance activity and operational casework.",Public Contracts Scotland,https://www.publiccontractsscotland.gov.uk,batch_20260414_194917
rls-9-APR553356,SF_0567 - Research and Development Framework Agreement,Scottish Forestry,,"73200000, 79310000, 73100000",planning,2026-04-07T00:00:00Z,,,,"Scottish Forestry intends to establish a multi-supplier framework agreement that will provide essential support to Scottish Forestry by undertaking new research, performing analytical work against defined criteria, and factual reporting on evidence and recommendations in relation to tree health research across Scotland. This framework will directly contribute to the delivery of the strategic objectives outlined in Scottish Forestryâs Corporate Strategy and Plan 2025â2030.
 Research activities under this framework will include support for Scottish Forestry in meeting its policy and regulatory responsibilities related to tree pests and diseases and may also include the requirement to work collaboratively and to present the research and findings to stakeholders.",Public Contracts Scotland,https://www.publiccontractsscotland.gov.uk,batch_20260414_194917
rls-10-APR553347,RUTHRIESTON ROAD BRIDGE REPAIRS - RFI,Aberdeen City Council,,45221119,planning,2026-04-07T00:00:00Z,,,,Repair and conservation works of a historic non-vehicular bridge,Public Contracts Scotland,https://www.publiccontractsscotland.gov.uk,batch_20260414_194917
rls-11-APR553234,"Property Maintenance, Refurbishment and Extensive Renovation",Scotland Excel,,"50700000, 45211310, 71314310, 45421000, 45421151, 50532000, 45261900, 45331210, 45451000, 45442100, 45442110, 50711000, 45310000, 45342000, 45421148, 50000000, 45432110, 45431000, 45410000, 45332200, 45330000, 45332000, 45441000, 45421130, 45262300, 45262500, 45300000, 45443000, 45261410, 45420000, 45430000, 45262690, 45000000, 45100000, 45200000, 45210000, 45453000, 45453100",planning,2026-04-02T00:00:00Z,,,,"This Prior Information Notice is for a proposed framework for contractors to provide a range of repair, refurbishment and maintenance services and is envisaged to extend to extensive building repair and refurbishment.
 The purpose of this notice is to enable interested parties to engage with Scotland Excel to discuss the services currently available in the
 marketplace and options regarding the structure of the procurement and the anticipated direction of future market development.
 The lotting structure of this framework will be informed by market engagement.
 NOTE: This lotting structure is provisional and subject to change. Full details of the final lotting structure will be included within the
 tender documents.",Public Contracts Scotland,https://www.publiccontractsscotland.gov.uk,batch_20260414_194917
rls-12-APR553206,2526 DS032 Nutritional Analysis Tool (PIN),NHS Greater Glasgow and Clyde,,48000000,planning,2026-04-02T00:00:00Z,,,,NHS Greater Glasgow & Clyde is exploring the options for the possible procurement of a robust Nutritional Analysis Tool (NAT) for use by the Catering Department.,Public Contracts Scotland,https://www.publiccontractsscotland.gov.uk,batch_20260414_194917
rls-13-APR553180,Supply & Delivery of Grounds Maintenance / Landscaping Materials & Associated Products (2026-30),University of Strathclyde,212393.0,"03100000, 24453000, 24440000, 03111000, 14300000, 14310000, 16141000, 24400000, 24410000, 24420000, 24421000, 24422000, 24430000, 03441000, 14200000, 14210000, 14211000, 14211100, 14212000, 14212210, 14213000, 14213300",planning,2026-04-02T00:00:00Z,,,,This Prior Information Notice (PIN) relates to a project to establish a Contract for the Supply & Delivery of Grounds Maintenance / Landscaping Materials & Associated Products (2026-30) (UOS-42185-2026).,Public Contracts Scotland,https://www.publiccontractsscotland.gov.uk,batch_20260414_194917
rls-1-MAR552952,PIN - Provision of Banking and Merchant Services,South Ayrshire Council,,"66100000, 66110000, 66120000, 66122000",planning,2026-03-31T00:00:00Z,,,,Prior Information Notice for the Provision of Banking and Merchant Services,Public Contracts Scotland,https://www.publiccontractsscotland.gov.uk/Search/Show/552952,batch_20260414_194917
rls-2-MAR552951,Provision of Researcher Development Programme - 5 Lots,University of Strathclyde,,"80000000, 80500000, 80510000, 80521000",planning,2026-03-31T00:00:00Z,,,,"The University of Strathclyde seeks suppliers to design and deliver a comprehensive suite of training courses to support skills development for postgraduate researchers. Suppliers will be required to create courses that collectively address the full range of skills outlined within the defined Lots. Suppliers will be able to submit bids for one, multiple, or all Lots. PartâLot submissions will not be accepted; however, partnership arrangements between bidders to enable a full Lot submission will be permitted.
 Lot 1 â Communicating: General
 Courses in this Lot should support researchers to develop broad communication capabilities suitable for public and professional contexts. Areas that should be covered:
 - Public engagement and outreach
 - Developing and communicating a personal voice or brand
 - Effective use of social media
 - Building and engaging with professional networks
 Lot 2 â Communicating: Academic
 Courses within this Lot should strengthen researchersâ communication and presentation skills within academic environments. Areas that should be covered:
 - Presentation skills (beginner and advanced)
 - Poster design and presentation
 - Viva preparation
 - Three Minute Thesis training
 Lot 3 â Thriving in Your Research
 This Lot focuses on developing researchersâ personal effectiveness and capacity to thrive throughout the research journey. Areas that should be covered:
 - Understanding and navigating the PhD journey
 Time and project management
 - Imposter syndrome and confidence building
 - Resilience and wellbeing
 - General professional skills for researchers
 Lot 4 â Writing â Academic
 Courses in this Lot should support researchers in developing writing skills for academic publication and research outputs. Areas that should be covered:
 - Writing for and publishing in STEAM, Humanities, Social Sciences, and Business journals
 - Conducting and writing literature reviews
 - Thesis structuring and writing
 - Grant writing
 Lot 5 â Writing â General
 This Lot encompasses broader writing skills applicable across disciplines and contexts. Areas that should be covered:
 - Writing styles and techniques
 - Reflective and narrative writing
 - Editing strategies, tools, and techniques
 Courses provided under any Lot must:
 - be a blended format of online â and in-person on the University of Strathclyde campus;
 - be held at least twice during the period October-May, inclusive, depending on participant demand; be held on dates agreed prior to October each year;
 - be delivered by trainers with experience delivering practical training in the Higher Education sector, with a breadth of knowledge from a range of disciplines and sectors;
 - use a blended format of course materials, and individual and group-based activities;
 - use practical exercises to reinforce and enhance the skills learned.
 - the University of Strathclyde will provide suitable space for in-person courses, refreshment for participants, and printing of materials.",Public Contracts Scotland,https://www.publiccontractsscotland.gov.uk/Search/Show/552951,batch_20260414_194917
rls-3-MAR552947,Renfrewshire Council Asbestos Surveys and Analytical Services Market Engagement,Renfrewshire Council,,90650000,planning,2026-03-31T00:00:00Z,,,,"Renfrewshire Council are looking to engage with the Asbestos Surveying and Analytical Services Market to feed into the development of a future Contract for Domestic Properties and Common Areas.
 Contractors are required to note interest via this PIN on Public Contracts Scotland and to get in touch with the contact details in this PIN:
 Kevin Milliken
 Email - kevin.milliken@renfrewshire.gov.uk
 From the note of interest we will then set up meetings with direct engagement with Procurement and Representatives from Housing Services.",Public Contracts Scotland,https://www.publiccontractsscotland.gov.uk/Search/Show/552947,batch_20260414_194917
rls-4-MAR552875,Soil Surveys,Forestry and Land Scotland,,"77300000, 71355000, 77000000, 77200000, 79311000, 79311200, 90700000",planning,2026-03-31T00:00:00Z,,,,"Forestry and Land Scotland (FLS) have a requirement to procure Soil Surveys to meet our requirement to manage the National Forest Estate.
 Survey requirements under this Framework Agreement may include:
 - Standard Surveys including Site/Soil/Peat Depth Surveys of afforested, clear felled, open land and ex-agricultural land (please note a very large proportion will be either afforested or clear-fell);
 - Non-Standard Surveys including, but not limited to:
 * Bespoke type of soil survey e.g. peat depth probing; or
 * Assessment of newly acquired land including possibly reclaimed land such as old mine works.
 For each survey, you will be required to:
 - Record the site/soil patterns and associated specific data, using the FC soil classification;
 - Map Soil Polygons and associated linear and point data in a digital format;
 - Peat Depths to be recorded in the Peat Depth layer via supplied digital layer (currently via ESRI Fieldmaps). Access to which, plus any necessary training to use the app, will be provided by FLS.
 - Deliver all data outputs from the survey, as specific digital GIS format directly into Foresterweb (a bespoke version of GIS Forester), together with associated attribute; and
 - Producing written reports for each site.",Public Contracts Scotland,https://www.publiccontractsscotland.gov.uk/Search/Show/552875,batch_20260414_194917
rls-5-MAR552704,Residential Care Setting for One Adult with Learning Disability (PIN - Market Engagement),North Ayrshire Council,,"85144000, 85144100, 85311200",planning,2026-03-27T00:00:00Z,,,,Please see attached questionnaire.,Public Contracts Scotland,https://www.publiccontractsscotland.gov.uk/Search/Show/552704,batch_20260414_194917
rls-6-MAR552675,Tarbert Heritage Scheme â Design Team Framework,Argyll and Bute Council,,"71220000, 79415200",planning,2026-03-27T00:00:00Z,,,,"The Council has been awarded external funding to facilitate a 5-year heritage programme to enhance Tarbertâs waterfront. With a view to encouraging participation, these types of projects benefit from a design team framework. A framework not only enables Council officers to recommend an architect, but through which the project is also better able to control quality and secure best value, whilst removing an onerous activity from the property owners.",Public Contracts Scotland,https://www.publiccontractsscotland.gov.uk/Search/Show/552675,batch_20260414_194917
rls-7-MAR552636,CT1802 Leased Property Insurance,The City of Edinburgh Council,,"66515200, 66000000, 66510000, 66513200",planning,2026-03-27T00:00:00Z,,,,The City of Edinburgh Council's (the Council's) Insurance Team is seeking a contract for Leased Property Insurance. This will cover industrial and commercial leased properties and leased theatres.,Public Contracts Scotland,https://www.publiccontractsscotland.gov.uk/Search/Show/552636,batch_20260414_194917
rls-8-MAR552613,"Measured Term Contract (MTC) for Planned & Reactive Servicing & Maintenance to Gas, Oil, Biomass, LPG Boilers inc Associated Parts",South Ayrshire Council,,"50531100, 44600000, 44620000, 44621000, 44621210, 44621220, 44621221, 44621200, 42161000, 45259300",planning,2026-03-26T00:00:00Z,,,,"Measured Term Contract (MTC) for Planned & Reactive Servicing & Maintenance to Gas, Oil, Biomass, LPG Boilers inc Associated Parts",Public Contracts Scotland,https://www.publiccontractsscotland.gov.uk/Search/Show/552613,batch_20260414_194917
rls-9-MAR552575,"Fire Doors Purchase, Installation, Repair, Replacement, Maintenance and Inspection/Compliance and Survey (GG&C Wide)",NHS Greater Glasgow and Clyde,2000000.0,"45343000, 44221220, 45343100",planning,2026-03-26T00:00:00Z,,,,"NHS Greater Glasgow and Clyde (âNHSGGCâ or âthe Boardâ) intends to establish a Board-wide framework agreement for the provision of fire door services across its Sectors. The proposed framework will encompass the supply, installation, repair, replacement, maintenance, inspection, compliance, and survey of fire doors, in accordance with the BM TRADA Q-Mark Fire Door Installation Scheme, the BM TRADA Q-Mark Fire Door Maintenance Scheme, and all applicable statutory and industry standards.",Public Contracts Scotland,https://www.publiccontractsscotland.gov.uk/Search/Show/552575,batch_20260414_194917
rls-10-MAR552387,Supply and Installation of water tank for Musselburgh Golf Course,East Lothian Council,,"45332200, 44611500",planning,2026-03-24T00:00:00Z,,,,"East Lothian Council is seeking to engage with the market in relation to the supply and installation of an irrigation tank system at a golf course facility in Musselburgh (East Lothian).
 The requirement includes (but is not limited to):
 -	Supply of a steel irrigation tank (approx. 54,000l capacity)
 -	EPDM liner and stell roof
 -	Full installation of the tank
 -	Connection to existing water infrastructure
 -	Associated civil, mechanical and connection works
 This is a turnkey solution, and the Council is particularly interested in suppliers capable of delivering both supply and installation as a single package.
 Suppliers interested in this opportunity are invited to express their interest",Public Contracts Scotland,https://www.publiccontractsscotland.gov.uk/Search/Show/552387,batch_20260414_194917
rls-11-MAR552294,Supply and Distribution of Milk (PIN - Market Engagement),North Ayrshire Council,,"15500000, 03333000",planning,2026-03-23T00:00:00Z,,,,"Volumes required by NAC and SAC are provided in the attachment questionnaire.
 This PIN is to engage with the market around the delivery models which could support both North Ayrshire Council and South Ayrshire Councils in the supply of milk to establishments such as nurseries and schools.
 The PIN will explore supply and/or delivery models that will inform a contract strategy which will appraise the route to market and the supply and delivery model that is sought.",Public Contracts Scotland,https://www.publiccontractsscotland.gov.uk/Search/Show/552294,batch_20260414_194917
rls-12-MAR552169,26-040 Minor Works Framework,Strathclyde Partnership for Transport,2000000.0,"45210000, 45000000, 45211000, 45211310, 45211350, 45211360, 45212180, 45213000, 45213100, 45213200, 45213260, 45213250, 45213311, 45213320, 45213321, 45213322, 45213350, 45213352, 45332200, 45332000, 45330000, 45421000, 45310000, 45311200",planning,2026-03-20T00:00:00Z,,,,"The formation of a framework for the prevision of minor works within the SPT estate including bus stations, cooperate buildings and Glasgow Subway",Public Contracts Scotland,https://www.publiccontractsscotland.gov.uk/Search/Show/552169,batch_20260414_194917
rls-13-MAR552148,Building Standards Research and Technical Services Framework,Scottish Government,,"73000000, 73210000, 71317000, 71317100, 71314300, 71314000, 71313000, 79315000, 71315200, 71318000",planning,2026-03-20T00:00:00Z,,,,"The Authority is considering commissioning a research framework to support the Building Standards Division.
 The Building Standards Division requires a series of research commissions over the next 36 â 48 months. Each commission relates to a specialist area and may require differing technical expertise, methodologies, and delivery timescales, and subsequent research activity may be required as findings emerge or policy needs evolve.
 The purpose of this Request for Information (RFI) is to understand the supplier market and, in particular, to seek feedback on how the requirement could be structured and lotted in any future Invitation to Tender (ITT). This RFI will inform the Authorityâs Sourcing Strategy and does not form part of any formal procurement process.",Public Contracts Scotland,https://www.publiccontractsscotland.gov.uk/Search/Show/552148,batch_20260414_194917
rls-14-MAR552125,"Condorrat Primary School, Cumbernauld - Refurbishment",North Lanarkshire Council,7000000.0,"45453100, 44112400, 44112500, 44212381, 45262650, 45262500, 45262520, 44112310, 45421152, 42500000, 45331000, 45331200, 45331210, 44221100, 45421100, 45421130, 45421132, 44221000, 44221200, 45421131, 44115200, 45330000, 45332200, 45310000, 45315000, 45317000, 44411000, 45232460, 45332400, 45451000, 45442100, 45442110",planning,2026-03-20T00:00:00Z,,,,"Internal refurbishment and remodelling of the building structure to form multi-functional teaching spaces.
 -
 The scope of works is currently being developed and may expand/decrease at time of tender issue.",Public Contracts Scotland,https://www.publiccontractsscotland.gov.uk/Search/Show/552125,batch_20260414_194917
rls-15-MAR552110,Gateway Recovery Services,Inverclyde Council,240000.0,98000000,planning,2026-03-19T00:00:00Z,,,,The service will support individuals to overcome barriers that may prevent them from engaging with recovery focused activities in community settings. It will challenge the stigma around mental health and alcohol or drug related issues and ensure that individuals accessing support are enabled to participate in purposeful activities that support mental and physical health and wellbeing,Public Contracts Scotland,https://www.publiccontractsscotland.gov.uk/Search/Show/552110,batch_20260414_194917
rls-16-MAR551987,Independent Children's Advocacy Service,Dumfries and Galloway Council,,85310000,planning,2026-03-18T00:00:00Z,,,,"Dumfries and Galloway Council (the Purchaser) wishes to commission children's advocacy services that:
 - are independent and professional;
 - provide individual (one-to-one) advocacy that is issue focused; and
 - meet statutory requirements and Scottish Executive priorities.
 The service will covers such services under the following categories:
 - Advocacy services for children and young people who are or have been looked after and accommodated within or outwith the region (excluding those who are placed locally by another Local Authority) up until the age of 26.
 - Advocacy for children and young people on the Child Protection Register.
 - Advocacy for children and young people in terms of the Mental Health (Care and Treatment) (Scotland) Act 2003.",Public Contracts Scotland,https://www.publiccontractsscotland.gov.uk/Search/Show/551987,batch_20260414_194917
rls-17-MAR551948,Festive Lighting,Renfrewshire Council,,"50232100, 31500000, 34928500, 50232000, 50232110",planning,2026-03-18T00:00:00Z,,,,"Renfrewshire Council is inviting contractors to submit bids for festive lighting installation (the service). The service will comprise the
 storage, repair, maintenance, timely erection and de-erection of the Festive Lights.
 The purpose of this Prior Information Notice is to allow Renfrewshire Council to engage with the marketplace to carry out a soft-market
 testing exercise.
 The Council would like to understand the current level of interest in the market for a tender of this nature and gather some information
 about the marketplace itself. Interested contractors are invited to register their interest via this notice.",Public Contracts Scotland,https://www.publiccontractsscotland.gov.uk/Search/Show/551948,batch_20260414_194917
rls-18-MAR551947,"Design, Supply and Delivery of Uniform and PPE",CalMac Ferries Limited,,18100000,planning,2026-03-18T00:00:00Z,,,,"Our ambition is to implement a workwear solution that is accessible, and inclusive for all colleagues, incorporating maternity options, religious considerations, gender-appropriate fits, and consistent sizing standards.",Public Contracts Scotland,https://www.publiccontractsscotland.gov.uk/Search/Show/551947,batch_20260414_194917
rls-19-MAR551916,SUMIT Project - Provision of Digital Products,University of Strathclyde,550000.0,72000000,planning,2026-03-17T00:00:00Z,,,,"The SUMIT project is a ground-breaking initiative funded by the PEACEPLUS programme and managed by the Special EU Programmes Body (SEUPB). Led by Queenâs University Belfast, in partnership with Trinity College Dublin, Scotlandâs Digital Health & Care Innovation Centre (DHI), the University of St Andrews, and the Scottish Council for Voluntary Organisations (SCVO).
 On behalf of its partners, DHI (which is hosted by University of Strathclyde) is seeking to identify 3 digital products which address key challenges for local services and service users.
 DHI is keen to engage with interested technology companies to test out current assumptions and seek advice.
 Interested companies are invited to a 90-minute online Breakfast Briefing kicking off at 8.30am on Tuesday 31st March. Participants will hear more about SUMIT, the insights being gathered from local services and service users and an opportunity to participate in a Q&A session. Inputs will be used to inform the requirements for a formal tender which is anticipated to be published on Public Contracts Scotland https://www.publiccontractsscotland.gov.uk/ and OJ EC https://www.ojec.com/ in late Spring 2026.",Public Contracts Scotland,https://www.publiccontractsscotland.gov.uk/Search/Show/551916,batch_20260414_194917
rls-20-MAR551802,"Custom House Quay - Quay Wall, Civil Infrastructure & Public Realm Works",Glasgow City Council,,"45000000, 45200000, 45211360, 45244000, 45220000",planning,2026-03-16T00:00:00Z,,,,"The Principal Contractor will be required to undertake, manage, and deliver works including, 	but not limited to, the following:
 Site Establishment and Pre Construction Activities
 Quay Wall and Marine Engineering Works
 Scottish Water CSO and Drainage Integration Works
 Public Realm, Landscaping, and Urban Park Construction
 Please refer to Market Engagement Questionnaire for more detail.",Public Contracts Scotland,https://www.publiccontractsscotland.gov.uk/Search/Show/551802,batch_20260414_194917
rls-21-MAR551740,Childrens Home Provision Dumfries and Galloway,Dumfries and Galloway Council,,85310000,planning,2026-03-16T00:00:00Z,,,,Dumfries and Galloway Council are seeking market engagement with the Children's Social Work sector to obtain market research on models of care for a 4 bedroom Children's Home. Dumfries and Galloway are currently scoping creation of 1-2 children's homes in Dumfries and Galloway and are seeking organisations who operate children's home to feed into market research.,Public Contracts Scotland,https://www.publiccontractsscotland.gov.uk/Search/Show/551740,batch_20260414_194917
rls-22-MAR551631,Request for Information: School Active Travel - Aberdeen City,Aberdeen City Council,240000.0,"80000000, 60000000",planning,2026-03-13T00:00:00Z,,,,School Active Travel Project - Aberdeen City,Public Contracts Scotland,https://www.publiccontractsscotland.gov.uk/Search/Show/551631,batch_20260414_194917
rls-23-MAR551553,Wound Management Products,The Common Services Agency (more commonly known as NHS National Services Scotland) (NSS),8500000.0,33141110,planning,2026-03-12T00:00:00Z,,,,"National Procurement will shortly be releasing the Invitation To Tender for renewal framework NP59926 Wound Management Products and would like to inform the relevant market suppliers of this opportunity.
 Out timelines will be confirmed in the Contract Notice release, but will follow closely to the following timelines
 Mid-Late April 2026 ITT released.
 ITT closes late May 2026.
 Evaluations, clarifications carried out June 2026.
 Standstill & Award approvals July-August 2026, with award notification August 2026.
 Framework renewal live October 2026.",Public Contracts Scotland,https://www.publiccontractsscotland.gov.uk/Search/Show/551553,batch_20260414_194917
rls-24-MAR551552,25EED011 - Kirkcudbright Academy - Refurbishment,Dumfries and Galloway Council,2200000.0,"45453100, 45261900, 45421130, 45421132, 45421100, 45262510, 45000000, 45210000, 45214200, 45214220",planning,2026-03-12T00:00:00Z,,,,Kirkcudbright Academy - Refurbishment,Public Contracts Scotland,https://www.publiccontractsscotland.gov.uk/Search/Show/551552,batch_20260414_194917
rls-25-MAR551541,Provision of an Intruder Alarm Maintenance Measured Term Contract (MTC) (2026-30),University of Strathclyde,180000.0,"79711000, 31625000, 45312200, 35121700",planning,2026-03-12T00:00:00Z,,,,This Prior Information Notice (PIN) relates to a project to establish a Contract for the Provision of an Intruder Alarm Maintenance Measured Term Contract (MTC) (2026-30) (UOS-41832-2026).,Public Contracts Scotland,https://www.publiccontractsscotland.gov.uk/Search/Show/551541,batch_20260414_194917
rls-26-MAR551507,Ophthalmology Equipment,The Common Services Agency (more commonly known as NHS National Services Scotland) (NSS),8000000.0,"33115000, 33122000",planning,2026-03-11T00:00:00Z,,,,"Hospital ophthalmology diagnostic equipment used for comprehensive eye examination, including visual field analysers, slit lamps and OCT imaging systems.",Public Contracts Scotland,https://www.publiccontractsscotland.gov.uk/Search/Show/551507,batch_20260414_194917
rls-27-MAR551506,"Insulin Infusion Pumps, Continuous Glucose Monitoring Systems and Associated Consumables",The Common Services Agency (more commonly known as NHS National Services Scotland) (NSS),100000000.0,33194100,planning,2026-03-11T00:00:00Z,,,,"The supply and delivery of Insulin Infusion Pumps, Continuous Glucose Monitoring Systems and Associated Consumables to all entities
 constituted pursuant to the National Health Service (Scotland) Act 1978, (i.e. All NHS Scotland Health Boards, Special Health Boards and the
 Authority). All NHS Northern Ireland Trusts.",Public Contracts Scotland,https://www.publiccontractsscotland.gov.uk/Search/Show/551506,batch_20260414_194917
rls-28-MAR551502,Single Use Podiatry Instruments,The Common Services Agency (more commonly known as NHS National Services Scotland) (NSS),2000000.0,33140000,planning,2026-03-11T00:00:00Z,,,,"The Common Services Agency (more commonly known as National Services Scotland) (âthe Authorityâ) acting through its division
 Procurement, Commissioning and Facilities is undertaking this procurement of supply and of Single Use Podiatry Instruments on behalf of
 all entities constituted pursuant to the National Health Service (Scotland) Act 1978 (i.e. all NHS Scotland Health Boards, Special Health
 Boards and the Authority or other NHS Organisation established pursuant to the NHS (Scotland) Act 1978), any integrated Joint Boards
 established pursuant to the new Public Bodies (Joint Working) Scotland Act 2014 (collectively hereafter referred to as âParticipating
 Authoritiesâ).",Public Contracts Scotland,https://www.publiccontractsscotland.gov.uk/Search/Show/551502,batch_20260414_194917
rls-29-MAR551501,Pulse Oximetry Consumables,The Common Services Agency (more commonly known as NHS National Services Scotland) (NSS),12000000.0,"33140000, 33195000",planning,2026-03-11T00:00:00Z,,,,"The supply and delivery of Pulse Oximetry Consumables including disposable and reusable probes to all entities constituted pursuant to the
 National Health Service",Public Contracts Scotland,https://www.publiccontractsscotland.gov.uk/Search/Show/551501,batch_20260414_194917
rls-30-MAR551500,Operating Tables & Theatre Lighting,The Common Services Agency (more commonly known as NHS National Services Scotland) (NSS),2000000.0,"33192230, 33169000, 31524110, 39143112, 33162100",planning,2026-03-11T00:00:00Z,,,,"The supply and maintenance of mobile operating tables, transfer systems, surgical trolley systems, including accessories, and operating theatre lights (LED) for all clinical specialties, including, but not limited to, vascular, orthopaedics, neurology, urology, gynaecology, colorectal surgery.",Public Contracts Scotland,https://www.publiccontractsscotland.gov.uk/Search/Show/551500,batch_20260414_194917
rls-31-MAR551349,Portable Appliance Testing (PAT),NHS Highland,250000.0,"71630000, 50000000, 71000000, 51000000, 71317200, 79993100, 71314100, 31000000, 71600000",planning,2026-03-10T00:00:00Z,,,,NHS Highland requires the provision of Portable Appliance Testing (PAT)services ensuring compliance with all relevant statutory requirements under across all NHS Highland sites including Argyll & Bute,Public Contracts Scotland,https://www.publiccontractsscotland.gov.uk/Search/Show/551349,batch_20260414_194917
rls-32-MAR551317,"Supply, delivery, installation and commissioning of a Reliability Testing Kit",University of Strathclyde,1120000.0,38000000,planning,2026-03-10T00:00:00Z,,,,"National Manufacturing Institute Scotland (NMIS) is in the process of expanding its manufacturing capability into the semiconductor advanced packaging area with specific focus on power electronics, radiofrequency and photonics. To support this expansion, NMIS intends to procure equipment that is flexible to support a wide variety of reliability testing for packaged devices. NMIS intends to purchase a suite of environmental test equipment to test packaged devices in a variety of ways including under temperature and humidity control and in the presence of bias voltages.",Public Contracts Scotland,https://www.publiccontractsscotland.gov.uk/Search/Show/551317,batch_20260414_194917
rls-33-MAR551288,Works to Roads Related Structures,Renfrewshire Council,,"45000000, 45223000",planning,2026-03-09T00:00:00Z,,,,"Renfrewshire Council is planning to issue a tender for a contract for Works to Roads Related Structures. The contract may consist of the following types of works:
 -Bridge Strengthening/ Replacement;
 -Scour Protection Works;
 -Parapet Upgrading;
 -Bridge Joint Replacement;
 -General Bridge Maintenance;
 -Retaining Wall Strengthening/ Replacement;
 -Traffic management requirements;
 -any associated or ancillary works; and
 -any of the work the Contractor is to design
 In providing the works, the Contractor shall:
 -Design, supply, install, maintain and remove all traffic management measures and associated diversions.
 This list is indicative only and is subject to change. The Invitation to Tender will provide detail of the Council's requirement when it is published. Contractors who are interested in this opportunity are invited to completed and return the questionnaire attached to this Prior Information Notice should they wish to do so.",Public Contracts Scotland,https://www.publiccontractsscotland.gov.uk/Search/Show/551288,batch_20260414_194917
rls-34-MAR551188,"Dynamic Purchasing System- Transport for Education, Social care and other transport requirements (East Lothian Council)",East Lothian Council,,"60000000, 60120000, 34114400, 34121000, 34121500, 60100000",planning,2026-03-06T00:00:00Z,,,,East Lothian Council wishes to establish a Dynamic Purchasing System (DPS) to meet the education and social care needs of children and vulnerable adults as well as other passenger or transport requirements.,Public Contracts Scotland,https://www.publiccontractsscotland.gov.uk/Search/Show/551188,batch_20260414_194917
rls-35-MAR551136,SPS-02223 Fully Managed Vending Services for SPS,Scottish Prison Service,,42933000,planning,2026-03-06T00:00:00Z,,,,"The SPS provides a fully managed vending service across its entire estate. This service offers staff and visitors convenient access to a range of refreshments, including hot drinks, cold drinks, snacks, and confectionery. In addition, sites can opt to include freshâfood vending machines where required. All vending provision is aligned with the NHS Healthy Living Award criteria, ensuring healthier choices are available and promoted.
 The appointed supplier is responsible for the full operation of each machine. This includes:
 -Regular stocking and replenishment of products;
 -Routine cleaning and hygiene maintenance;
 -Technical upkeep, repairs, and general maintenance; and
 -Service visits at a frequency agreed with each individual site.",Public Contracts Scotland,https://www.publiccontractsscotland.gov.uk/Search/Show/551136,batch_20260414_194917
rls-36-MAR551114,Refurbishment and Modernisation (RM4) - Scotland & Northern Ireland,LHC Procurement Group for the Scottish Procurement Alliance (SPA),900000000.0,45000000,planning,2026-03-06T00:00:00Z,,,,"LHC Procurement Group (LHC PG) is developing the Refurbishment and Modernisation Framework (RM4) on behalf of the Scottish Procurement Alliance (SPA).
 The anticipated scope of RM4 includes the following workstreams:
 Painting and Decorating
 Electrical Works
 Kitchens and Bathrooms
 Aids and Adaptations
 Damp and Mould Remediation
 - Surveys / Investigations
 - Works
 Environmental and External Works
 - External Works
 - Ground Maintenance
 Stonework
 -Inspections
 -Cleaning, repairs and maintenance
 Reactive repairs and Maintenance (NB this will be a multi disciplinary workstream)
 Multi-Disciplinary Works
 Suppliers interested in participating should register their interest via the intend portal to receive ongoing information and updates in advance of the tender publication. The opportunity can be found on InTend at; https://in-tendhost.co.uk/lhc/aspx/ProjectManage/150",Public Contracts Scotland,https://www.publiccontractsscotland.gov.uk/Search/Show/551114,batch_20260414_194917
rls-37-MAR551090,Insurance and Related Services 2026 for Prospect Community Housing,Prospect Community Housing,450000.0,"66510000, 66515200, 66518100, 66000000",planning,2026-03-06T00:00:00Z,,,,"The Contract is for the provision of general insurance and related services, including
 claims handling, loss control services and general
 programme maintenance and advice as required by Prospect Community Housing
 commencing 1st October 2026.",Public Contracts Scotland,https://www.publiccontractsscotland.gov.uk/Search/Show/551090,batch_20260414_194917
rls-38-MAR551026,Testing and Maintenance of Garage Equipment,Scottish Fire and Rescue Service,,"50433000, 50100000",planning,2026-03-05T00:00:00Z,,,,"Scottish Fire and Rescue Service (SFRS) is preparing to retender its Testing & Maintenance of Garage Equipment used across its workshop estate.
 This Prior Information Notice (PIN) is being issued to engage with the market and gather insights from potential suppliers. The aim is to inform the development of the upcoming tender documentation and ensure the specification accurately reflects current capabilities, industry standards, technological developments, and best practice in the servicing and maintenance of garage workshop equipment.
 SFRS is particularly interested in understanding supplier capability across the following areas:
 - Ability to maintain, calibrate, test and repair a broad range of garage and workshop equipment
 - Geographic service coverage across all SFRS workshops, including Glasgow, Dundee, Inverness and Newbridge
 - Availability of service engineers accredited by the Garage Equipment Association (GEA) or equivalent
 - Use of digital tools for reporting, asset management, maintenance scheduling, and document control
 - Approaches to delivering both planned and reactive maintenance, including typical response times
 - Supply chain resilience, including availability of OEM or OEM equivalent parts
 - Capacity to supply and install new equipment on an ad hoc basis
 - Business continuity planning, risk management, and contingency arrangements
 - Contract management processes, KPI monitoring, and data/reporting capability
 - Ability to support collaborative call off by other eligible public bodies (e.g., Scottish Ambulance Service and Police Scotland) where this is operationally beneficial and within scope of the Framework",Public Contracts Scotland,https://www.publiccontractsscotland.gov.uk/Search/Show/551026,batch_20260414_194917
rls-39-MAR550965,Concession Contract for the Provision of Catering Services at Paisley Museum,Renfrewshire Leisure T/A OneRen,,"55520000, 55500000, 55523000, 55300000",planning,2026-03-04T00:00:00Z,,,,"Paisley Museum (PMR) will reopen in late 2026 following a period of refurbishment. The reimagined spaces will bring a world class visitor attraction and cultural venue to Paisley. Its vision is to create a leading European museum that celebrates Paisleyâs heritage, strengthens community connections, and offers inspiring visitor experiences.
 To support this ambition, Renfrewshire Leisure (hereafter referred to as OneRen) has a requirement to appoint a suitably qualified and experienced supplier to deliver the following services:
 - Paisley Museum CafÃ© Operation
 - Events Catering (Private, Corporate, and Internal Events)
 The cafÃ© will play a central role in shaping the overall visitor
 experience, and must reflect PMRâs values of creativity, community, and sustainability. The events catering service will be expected to complement the venueâs diverse programme, providing support for a range of functions.
 The appointed supplier will operate within the newly refurbished catering facilities and will work collaboratively with OneRen to maximise both commercial performance and community impact. The service will be delivered in line with best industry practice, with a focus on high-quality, locally influenced menus, sustainable operations, and excellent customer service.",Public Contracts Scotland,https://www.publiccontractsscotland.gov.uk/Search/Show/550965,batch_20260414_194917
rls-40-MAR550876,Northern Isles Ferry Services 4 (NIFS4),Transport Scotland,,60610000,planning,2026-03-04T00:00:00Z,,,,"Provision of public services in relation to the Northern Isles Ferry Services to/or from harbours located at Aberdeen, Kirkwall, Lerwick, Scrabster and Stromness. The services currently comprise of 5 vessels (3 Ro-Pax and 2 RoRo freighters) to deliver the Ferry Services. Further pre-tender information will be provided with the contract notice. Further information on Transport Scotland can be accessed through the Transport Scotland website at: www.transportscotland.gov.uk",Public Contracts Scotland,https://www.publiccontractsscotland.gov.uk/Search/Show/550876,batch_20260414_194917
rls-41-MAR550757,Provision of Tax Advice and Tax-Related Services,University of Strathclyde,500000.0,"79221000, 79220000, 79222000",planning,2026-03-03T00:00:00Z,,,,The University of Strathclyde requires supplier(s) for the provision of tax advice and tax-related services.,Public Contracts Scotland,https://www.publiccontractsscotland.gov.uk/Search/Show/550757,batch_20260414_194917
rls-1-MAR552746,PIN for ScotRail's Facilities Management Services,ScotRail Trains Limited,,"79993100, 79993000, 71334000, 90910000, 98311000, 90620000, 77314000, 44400000, 90000000, 50700000, 50710000, 45300000, 45259000, 50800000, 50000000, 90900000",planning,2026-03-30T00:00:00Z,,,,ScotRail will be tendering for Hard and Soft Facilities Management Services and are issuing this Periodic Indicative Notice (PIN) to engage with and provide an update to suppliers on our tender strategy.,Public Contracts Scotland,https://www.publiccontractsscotland.gov.uk/Search/Show/552746,batch_20260414_194917
rls-2-MAR551938,Train Services Agreement (TSA) and Technical Support and Spares Supply Agreement (TSSSA),Caledonian Sleeper Limited,60000000.0,50222000,planning,2026-03-18T00:00:00Z,,,,"Caledonian Sleeper Limited (CSL) intends to undertake a pre-procurement market engagement exercise to inform the renewal of the services provided under the Train Services Agreement (TSA) and Technical Support and Spares Supply Agreement (TSSSA) for the Mk5 coach fleet (75 vehicles). The engagement will help CSL identify optimal packaging of services to maximise supplier participation, value for money and innovation. Any subsequent procurement will be subject to approvals from Scottish Rail Holdings (SRH) and Transport Scotland (TS) on behalf of the Scottish Ministers.",Public Contracts Scotland,https://www.publiccontractsscotland.gov.uk/Search/Show/551938,batch_20260414_194917
rls-1-MAR552328,ScotRail Class 380 TSSSA,ScotRail Trains Limited,131000000.0,"50220000, 71350000",tender,2026-03-24T00:00:00Z,,,,"SRT seeks to establish a long-term, collaborative partnership with a technically competent and commercially robust Service Provider capable of delivering exceptional fleet support for the Class 380. The successful bidder will demonstrate proven
 expertise, innovation, and a shared commitment to achieving excellence in fleet performance, reliability, and customer satisfaction.
 Suppliers expressing interest in delivering the full Technical Support and Spares Supply Agreement (TSSSA) shall be responsible for the integrated delivery of all services described above, including:
 - Technical support, investigations, and engineering improvement activities.
 - Full materials supply and inventory management functions.
 - 24/7 stores operation and logistics coordination.
 - Development of performance reporting, KPIs, and continuous improvement initiatives.
 - Joint responsibility with the Operator for the achievement of defined reliability and availability targets.
 Suppliers bidding for the full TSSSA must demonstrate comprehensive capability across engineering, materials management, and logistics disciplines, supported by a robust management structure, digital tools, and evidence of prior delivery of integrated fleet support solutions in the global rail sector.",Public Contracts Scotland,https://www.publiccontractsscotland.gov.uk/Search/Show/552328,batch_20260414_194917
rls-2-MAR552056,Supply and Delivery of Bulk Fuels,ScotRail Trains Limited,25000000.0,"09100000, 09134000",tender,2026-03-19T00:00:00Z,,,,"ScotRail Trains Ltd has a requirement for the supply and delivery of 35 million litres (approx.) of Marked Gas Oil to BS EN590 for use in
 UK Railway vehicles to 6 delivery locations in Edinburgh, Glasgow (3), Inverness and Perth and for the supply and delivery of 200,000
 litres of Diesel to BS EN590 for heating purposes to 1 delivery location in Glasgow. Precise details of each delivery Lot together with any
 additional requirements will be contained within the PQQ/tender documents. The indicative contract commencement date is 7th October
 2026.",Public Contracts Scotland,https://www.publiccontractsscotland.gov.uk/Search/Show/552056,batch_20260414_194917
